Name, e-mail
Ms Diane Abbott MP,sheyda.m.azar@parliament.uk
Debbie Abrahams MP,abrahamsd@parliament.uk
Nigel Adams MP,nigel.adams.mp@parliament.uk
Adam Afriyie MP,adam.afriyie.mp@parliament.uk
Ms Tasmina Ahmed-Sheikh MP,tas.mp@parliament.uk
Peter Aldous MP,peter.aldous.mp@parliament.uk
Heidi Alexander MP,heidi.alexander.mp@parliament.uk
Rushanara Ali MP,rushanara.ali.mp@parliament.uk
Lucy Allan MP,lucy.allan.mp@parliament.uk
Mr Graham Allen MP,allengw@parliament.uk
Heidi Allen MP,heidi.allen.mp@parliament.uk
Dr Rosena Allin-Khan MP,none
Sir David Amess MP,amessd@parliament.uk
Mr David Anderson MP,andersonda@parliament.uk
Stuart Andrew MP,stuart.andrew.mp@parliament.uk
Caroline Ansell MP,caroline.ansell.mp@parliament.uk
Edward Argar MP,edward.argar.mp@parliament.uk
Richard Arkless MP,richard.arkless.mp@parliament.uk
Jonathan Ashworth MP,jon.ashworth.mp@parliament.uk
Victoria Atkins MP,Victoria@victoriaatkins.org.uk
Ian Austin MP,austini@parliament.uk
Mr Richard Bacon MP,richardbaconmp@parliament.uk
Mr Adrian Bailey MP,baileya@parliament.uk
Mr Steve Baker MP,steve.baker.mp@parliament.uk
Harriett Baldwin MP,harriett.baldwin.mp@parliament.uk
Stephen Barclay MP,stephen.barclay.mp@parliament.uk
Hannah Bardell MP,hannah.bardell.mp@parliament.uk
Mr John Baron MP,baronj@parliament.uk
Rt Hon Kevin Barron MP,barronk@parliament.uk
Gavin Barwell MP,gavin.barwell.mp@parliament.uk
Guto Bebb MP,guto.bebb.mp@parliament.uk
Rt Hon Margaret Beckett MP,margaret.beckett.mp@parliament.uk
Sir Henry Bellingham MP,bellinghamh@parliament.uk
Rt Hon Hilary Benn MP,bennh@parliament.uk
Richard Benyon MP,benyonr@parliament.uk
Rt Hon John Bercow MP,speakersoffice@parliament.uk
Sir Paul Beresford MP,annie.winsbury@parliament.uk
Luciana Berger MP,luciana.berger.mp@parliament.uk
Jake Berry MP,jake.berry.mp@parliament.uk
James Berry MP,james.berry.mp@parliament.uk
Mr Clive Betts MP,officeofclivebettsmp@parliament.uk
Andrew Bingham MP,andrew.bingham.mp@parliament.uk
Mhairi Black MP,mhairi.black.mp@parliament.uk
Ian Blackford MP,ian.blackford.mp@parliament.uk
Bob Blackman MP,bob.blackman.mp@parliament.uk
Kirsty Blackman MP,kirsty.blackman.mp@parliament.uk
Dr Roberta Blackman-Woods MP,woodsr@parliament.uk
Nicola Blackwood MP,nicola.blackwood.mp@parliament.uk
Tom Blenkinsop MP,none
Paul Blomfield MP,paul.blomfield.mp@parliament.uk
Crispin Blunt MP,crispinbluntmp@parliament.uk
Nick Boles MP,nick.boles.mp@parliament.uk
Mr Peter Bone MP,bonep@parliament.uk
Victoria Borwick MP,victoria.borwick.mp@parliament.uk
Philip Boswell MP,phil.boswell.mp@parliament.uk
Sir Peter Bottomley MP,bottomleyp@parliament.uk
Karen Bradley MP,karen.bradley.mp@parliament.uk
Rt Hon Ben Bradshaw MP,bradshawb@parliament.uk
Mr Graham Brady MP,altsale@parliament.uk
Mickey Brady MP,mickey.brady.mp@parliament.uk
Rt Hon Tom Brake MP,info@tombrake.co.uk
Mr Julian Brazier MP,none
Kevin Brennan MP,brennank@parliament.uk
Andrew Bridgen MP,andrew.bridgen.mp@parliament.uk
Steve Brine MP,steve.brine.mp@parliament.uk
Deidre Brock MP,deidre.brock.mp@parliament.uk
Rt Hon James Brokenshire MP,james.brokenshire.mp@parliament.uk
Alan Brown MP,alan.brown.mp@parliament.uk
Lyn Brown MP,brownl@parliament.uk
Rt Hon Nicholas Brown MP,nickbrownmp@parliament.uk
Fiona Bruce MP,fiona.bruce.mp@parliament.uk
Chris Bryant MP,bryantc@parliament.uk
Ms Karen Buck MP,buckk@parliament.uk
Robert Buckland MP,robert.buckland.mp@parliament.uk
Richard Burden MP,richard.burden.mp@parliament.uk
Richard Burgon MP,richard@richardburgon.com
Rt Hon Andy Burnham MP,andy.burnham.mp@parliament.uk
Conor Burns MP,conor.burns.mp@parliament.uk
Rt Hon Sir Simon Burns MP,burnss@parliament.uk
Mr David Burrowes MP,burrowesd@parliament.uk
Rt Hon Alistair Burt MP,alistair.burt.mp@parliament.uk
Dawn Butler MP,dawn.butler.mp@parliament.uk
Rt Hon Liam Byrne MP,byrnel@parliament.uk
Ruth Cadbury MP,ruth.cadbury.mp@parliament.uk
Rt Hon Alun Cairns MP,alun.cairns.mp@parliament.uk
Rt Hon David Cameron MP,none
Dr Lisa Cameron MP,lisa.cameron.mp@parliament.uk
Rt Hon Alan Campbell MP,campbellal@parliament.uk
Mr Gregory Campbell MP,fieldingm@parliament.uk
Mr Ronnie Campbell MP,ronnie.campbell.mp@parliament.uk
Rt Hon Alistair Carmichael MP,carmichaela@parliament.uk
Neil Carmichael MP,neil.carmichael.mp@parliament.uk
Mr Douglas Carswell MP,none
James Cartlidge MP,james.cartlidge.mp@parliament.uk
Sir William Cash MP,mcconaloguej@parliament.uk
Maria Caulfield MP,maria.caulfield.mp@parliament.uk
Alex Chalk MP,alex.chalk.mp@parliament.uk
Sarah Champion MP,sarah.champion.mp@parliament.uk
Douglas Chapman MP,douglas.chapman.mp@parliament.uk
Jenny Chapman MP,jenny.chapman.mp@parliament.uk
Joanna Cherry QC MP,joanna.cherry.mp@parliament.uk
Rehman Chishti MP,rehman.chishti.mp@parliament.uk
Mr Christopher Chope MP,chopec@parliament.uk
Jo Churchill MP,jo.churchill.mp@parliament.uk
Rt Hon Greg Clark MP,gregclarkmp@parliament.uk
Rt Hon Kenneth Clarke QC MP,clarkek@parliament.uk; suggd@parliament.uk
Rt Hon Nick Clegg MP,Nick.Clegg.MP@parliament.uk
James Cleverly MP,james.cleverly.mp@parliament.uk
Geoffrey Clifton-Brown MP,cliftonbrowng@parliament.uk
Rt Hon Ann Clwyd MP,ann.clwyd.mp@parliament.uk
Vernon Coaker MP,vernon.coaker.mp@parliament.uk
Ann Coffey MP,ann.coffey.mp@parliament.uk
Dr Thérèse Coffey MP,therese.coffey.mp@parliament.uk
Damian Collins MP,damian.collins.mp@parliament.uk
Oliver Colvile MP,oliver.colvile.mp@parliament.uk
Julie Cooper MP,julie.cooper.mp@parliament.uk
Rosie Cooper MP,none
Rt Hon Yvette Cooper MP,coopery@parliament.uk
Rt Hon Jeremy Corbyn MP,leader@labour.org.uk
Alberto Costa MP,barronra@parliament.uk
Ronnie Cowan MP,ronnie.cowan.mp@parliament.uk
Mr Geoffrey Cox QC MP,coxg@parliament.uk
Neil Coyle MP,neil.coyle.mp@parliament.uk
Rt Hon Stephen Crabb MP,stephen.crabb.mp@parliament.uk
Mr David Crausby MP,crausbyd@parliament.uk
Angela Crawley MP,angela.crawley.mp@parliament.uk
Mary Creagh MP,creaghm@parliament.uk
Stella Creasy MP,stella.creasy.mp@parliament.uk
Tracey Crouch MP,tracey.crouch.mp@parliament.uk
Jon Cruddas MP,cruddasj@parliament.uk
John Cryer MP,john.cryer.mp@parliament.uk
Judith Cummins MP,judith.cummins.mp@parliament.uk
Alex Cunningham MP,alex.cunningham.mp@parliament.uk
Mr Jim Cunningham MP,eleanorm.connolly@parliament.uk
Nic Dakin MP,nic.dakin.mp@parliament.uk
Simon Danczuk MP,simon.danczuk.mp@parliament.uk
Wayne David MP,davidw@parliament.uk
Byron Davies MP,byron.davies.mp@parliament.uk
Chris Davies MP,chris.davies.mp@parliament.uk
David T. C. Davies MP,david.davies.mp@parliament.uk
Geraint Davies MP,geraint.davies.mp@parliament.uk
Glyn Davies MP,contact@glyn-davies.co.uk
Dr James Davies MP,james.davies.mp@parliament.uk
Mims Davies MP,mims.davies.mp@parliament.uk
Philip Davies MP,daviesp@parliament.uk
Rt Hon David Davis MP,david.davis.mp@parliament.uk
Martyn Day MP,martyn.day.mp@parliament.uk
Gloria De Piero MP,gloria.depiero.mp@parliament.uk
Thangam Debbonaire MP,thangam.debbonaire.mp@parliament.uk
Caroline Dinenage MP,caroline.dinenage.mp@parliament.uk
Mr Jonathan Djanogly MP,jonathan.djanogly.mp@parliament.uk
Martin Docherty-Hughes MP,martin.docherty.mp@parliament.uk
Rt Hon Nigel Dodds MP,doddsn@parliament.uk
Mr Pat Doherty MP,dohertyp@parliament.uk
Rt Hon Sir Jeffrey M. Donaldson MP,jeffrey.donaldson.mp@parliament.uk
Stuart Blair Donaldson MP,stuart.donaldson.mp@parliament.uk
Michelle Donelan MP,michelle.donelan.mp@parliament.uk
Nadine Dorries MP,dorriesn@parliament.uk
Steve Double MP,steve.double.mp@parliament.uk
Stephen Doughty MP,stephen.doughty.mp@parliament.uk
Jim Dowd MP,dowdj@parliament.uk
Peter Dowd MP,peter.dowd.mp@parliament.uk
Oliver Dowden MP,oliver.dowden.mp@parliament.uk
Jackie Doyle-Price MP,jackie.doyleprice.mp@parliament.uk
Richard Drax MP,richard.drax.mp@parliament.uk
Jack Dromey MP,jack.dromey.mp@parliament.uk
Mrs Flick Drummond MP,flick.drummond.mp@parliament.uk
James Duddridge MP,james@jamesduddridge.com
Michael Dugher MP,michael.dugher.mp@parliament.uk
Rt Hon Sir Alan Duncan MP,alan.duncan.mp@parliament.uk
Rt Hon Iain Duncan Smith MP,olivia.kybett@parliament.uk
Mr Philip Dunne MP,philip.dunne.mp@parliament.uk
Mark Durkan MP,mark.durkan.mp@parliament.uk
Ms Angela Eagle MP,eaglea@parliament.uk
Maria Eagle MP,eaglem@parliament.uk
Jonathan Edwards MP,jonathan.edwards.mp@parliament.uk
Clive Efford MP,effordc@parliament.uk
Julie Elliott MP,julie.elliott.mp@parliament.uk
Tom Elliott MP,tom.elliott.mp@parliament.uk
Michael Ellis MP,michael.ellis.mp@parliament.uk
Jane Ellison MP,jane.ellison.mp@parliament.uk
Mrs Louise Ellman MP,louise.ellman.mp@parliament.uk; james.floyd@parliament.uk
Mr Tobias Ellwood MP,tobias.ellwood.mp@parliament.uk
Chris Elmore MP,Chris.Elmore.mp@parliament.uk
Charlie Elphicke MP,charlie.elphicke.mp@parliament.uk
Natascha Engel MP,natascha.engel.mp@parliament.uk
Bill Esterson MP,bill.esterson.mp@parliament.uk
George Eustice MP,george.eustice.mp@parliament.uk
Chris Evans MP,chris.evans.mp@parliament.uk
Graham Evans MP,mail@grahamevansmp.com
Mr Nigel Evans MP,evansn@parliament.uk
Rt Hon David Evennett MP,david.evennett.mp@parliament.uk
Michael Fabricant MP,none
Rt Hon Michael Fallon MP,michael.fallon.mp@parliament.uk
Paul Farrelly MP,paul.farrelly.mp@parliament.uk
Tim Farron MP,farront@parliament.uk
Marion Fellows MP,marion.fellows.mp@parliament.uk
Suella Fernandes MP,suella.fernandes.mp@parliament.uk
Margaret Ferrier MP,margaret.ferrier.mp@parliament.uk
Rt Hon Frank Field MP,fieldf@parliament.uk
Rt Hon Mark Field MP,fieldm@parliament.uk
Jim Fitzpatrick MP,jim.fitzpatrick.mp@parliament.uk
Robert Flello MP,flellor@parliament.uk
Colleen Fletcher MP,smithnb@parliament.uk
Rt Hon Caroline Flint MP,caroline.flint.mp@parliament.uk
Paul Flynn MP,none
Kevin Foster MP,kevin.foster.mp@parliament.uk
Yvonne Fovargue MP,yvonne.fovargue.mp@parliament.uk
Rt Hon Dr Liam Fox MP,ione.douglas@parliament.uk
Vicky Foxcroft MP,vicky.foxcroft.mp@parliament.uk
Rt Hon Mark Francois MP,mark.francois.mp@parliament.uk
Lucy Frazer MP,lucy.frazer.mp@parliament.uk
George Freeman MP,george.freeman.mp@parliament.uk
Mike Freer MP,mike.freer.mp@parliament.uk
Richard Fuller MP,richard.fuller.mp@parliament.uk
Gill Furniss MP,none
Marcus Fysh MP,marcus.fysh.mp@parliament.uk
Sir Roger Gale MP,galerj@parliament.uk
Mike Gapes MP,mike.gapes.mp@parliament.uk
Barry Gardiner MP,gardinerb@parliament.uk
Rt Hon Sir Edward Garnier QC MP,edward.garnier.mp@parliament.uk
Mark Garnier MP,mark.garnier.mp@parliament.uk
Mr David Gauke MP,gauked@parliament.uk
Stephen Gethins MP,stephen.gethins.mp@parliament.uk
Nusrat Ghani MP,nusrat.ghani.mp@parliament.uk
Nick Gibb MP,gibbn@parliament.uk
Patricia Gibson MP,patricia.gibson.mp@parliament.uk
Rt Hon Cheryl Gillan MP,cheryl.gillan.mp@parliament.uk
Pat Glass MP,pat.glass.mp@parliament.uk
John Glen MP,john.glen.mp@parliament.uk
Mary Glindon MP,mary.glindon.mp@parliament.uk
Mr Roger Godsiff MP,godsiffr@parliament.uk
Zac Goldsmith MP,none
Helen Goodman MP,goodmanh@parliament.uk
Mr Robert Goodwill MP,robert.goodwill.mp@parliament.uk
Rt Hon Michael Gove MP,michael.gove.mp@parliament.uk
Patrick Grady MP,patrick.grady.mp@parliament.uk
Richard Graham MP,richard.graham.mp@parliament.uk
Mrs Helen Grant MP,helen.grant.mp@parliament.uk
Peter Grant MP,peter.grant.mp@parliament.uk
James Gray MP,jamesgraymp@parliament.uk
Neil Gray MP,neil.gray.mp@parliament.uk
Rt Hon Chris Grayling MP,chris.grayling.mp@parliament.uk
Chris Green MP,chris.green.mp@parliament.uk
Rt Hon Damian Green MP,damian.green.mp@parliament.uk
Kate Green MP,kate.green.mp@parliament.uk
Rt Hon Justine Greening MP,greeningj@parliament.uk
Lilian Greenwood MP,lilian.greenwood.mp@parliament.uk
Margaret Greenwood MP,margaret.greenwood.mp@parliament.uk
Rt Hon Dominic Grieve QC MP,dominic.grieve.mp@parliament.uk
Nia Griffith MP,nia.griffith.mp@parliament.uk
Andrew Griffiths MP,andrew.griffiths.mp@parliament.uk
Ben Gummer MP,ben.gummer.mp@parliament.uk
Andrew Gwynne MP,gwynnea@parliament.uk
Mr Sam Gyimah MP,sam@samgyimah.com
Louise Haigh MP,louise.haigh.mp@parliament.uk
Rt Hon Robert Halfon MP,none
Luke Hall MP,luke.hall.mp@parliament.uk
Fabian Hamilton MP,fabian.hamilton.mp@parliament.uk
Rt Hon Philip Hammond MP,hammondp@parliament.uk
Stephen Hammond MP,stephen.hammond.mp@parliament.uk
Rt Hon Matthew Hancock MP,matthew.hancock.mp@parliament.uk
Rt Hon Greg Hands MP,handsg@parliament.uk
Rt Hon David Hanson MP,david.hanson.mp@parliament.uk
Rt Hon Harriet Harman QC MP,harriet.harman.mp@parliament.uk
Rt Hon Mark Harper MP,mark.harper.mp@parliament.uk
Richard Harrington MP,richard.harrington.mp@parliament.uk
Carolyn Harris MP,carolyn.harris.mp@parliament.uk
Rebecca Harris MP,rebecca.harris.mp@parliament.uk
Simon Hart MP,simon.hart.mp@parliament.uk
Rt Hon Sir Alan Haselhurst MP,alan.haselhurst.mp@parliament.uk
Helen Hayes MP,helen.hayes.mp@parliament.uk
Rt Hon John Hayes MP,hayesj@parliament.uk
Sue Hayman MP,sue.hayman.mp@parliament.uk
Sir Oliver Heald QC MP,Oliver.heald.mp@parliament.uk
Rt Hon John Healey MP,john.healey.mp@parliament.uk
James Heappey MP,james.heappey.mp@parliament.uk
Chris Heaton-Harris MP,chris.heatonharris.mp@parliament.uk
Peter Heaton-Jones MP,peter.heatonjones.mp@parliament.uk
Gordon Henderson MP,gordon.henderson.mp@parliament.uk
Mr Mark Hendrick MP,mark.hendrick.mp@parliament.uk
Drew Hendry MP,drew.hendry.mp@parliament.uk
Mr Stephen Hepburn MP,hepburns@parliament.uk
Rt Hon Nick Herbert MP,herbertn@parliament.uk
Lady Hermon MP,sylvia.hermon.mp@parliament.uk
Meg Hillier MP,meghilliermp@parliament.uk
Damian Hinds MP,damian.hinds.mp@parliament.uk
Simon Hoare MP,simon.hoare.mp@parliament.uk
Rt Hon Dame Margaret Hodge MP,hodgem@parliament.uk
Mrs Sharon Hodgson MP,sharon.hodgson.mp@parliament.uk
Kate Hoey MP,hoeyk@parliament.uk
Kate Hollern MP,kate.hollern.mp@parliament.uk
George Hollingbery MP,george.hollingbery.mp@parliament.uk
Kevin Hollinrake MP,kevin.hollinrake.mp@parliament.uk
Mr Philip Hollobone MP,philip.hollobone.mp@parliament.uk
Adam Holloway MP,hollowaya@parliament.uk
Kelvin Hopkins MP,hopkinsk@parliament.uk
Kris Hopkins MP,kris.hopkins.mp@parliament.uk
Stewart Hosie MP,hosies@parliament.uk
Rt Hon George Howarth MP,george.howarth.mp@parliament.uk
Sir Gerald Howarth MP,geraldhowarth@parliament.uk
John Howell MP,howelljm@parliament.uk
Ben Howlett MP,ben.howlett.mp@parliament.uk
Rt Hon Lindsay Hoyle MP,Lindsay.hoyle.mp@parliament.uk
Nigel Huddleston MP,nigel.huddleston.mp@parliament.uk
Rt Hon Jeremy Hunt MP,huntj@parliament.uk
Tristram Hunt MP,tristram.hunt.mp@parliament.uk
Dr Rupa Huq MP,rupa.huq.mp@parliament.uk
Mr Nick Hurd MP,nick.hurd.mp@parliament.uk
Imran Hussain MP,imran.hussain.mp@parliament.uk
Mr Stewart Jackson MP,stewart.jackson.mp@parliament.uk
Margot James MP,margot.james.mp@parliament.uk
Dan Jarvis MP,dan.jarvis.mp@parliament.uk
Rt Hon Sajid Javid MP,sajid.javid.mp@parliament.uk
Mr Ranil Jayawardena MP,Ranil@TellRanil.com
Mr Bernard Jenkin MP,bernard.jenkin.mp@parliament.uk
Andrea Jenkyns MP,andrea.jenkyns.mp@parliament.uk
Robert Jenrick MP,none
Rt Hon Alan Johnson MP,johnsona@parliament.uk
Boris Johnson MP,boris.johnson.mp@parliament.uk
Diana Johnson MP,johnsond@parliament.uk
Gareth Johnson MP,gareth.johnson.mp@parliament.uk
Joseph Johnson MP,jo.johnson.mp@parliament.uk
Andrew Jones MP,andrew.jones.mp@parliament.uk
Rt Hon David Jones MP,officeofdavidjonesmp@parliament.uk
Gerald Jones MP,gerald.jones.mp@parliament.uk
Graham Jones MP,graham.jones.mp@parliament.uk
Helen Jones MP,jonesh@parliament.uk
Mr Kevan Jones MP,kevanjonesmp@parliament.uk
Mr Marcus Jones MP,marcus.jones.mp@parliament.uk
Susan Elan Jones MP,susan.jones.mp@parliament.uk
Mike Kane MP,mike.kane.mp@parliament.uk
Rt Hon Sir Gerald Kaufman MP,kaufmang@parliament.uk
Daniel Kawczynski MP,kawczynskid@parliament.uk
Barbara Keeley MP,none
Liz Kendall MP,liz.kendall.mp@parliament.uk
Seema Kennedy MP,seema.kennedy.mp@parliament.uk
George Kerevan MP,george.kerevan.mp@parliament.uk
Calum Kerr MP,calum.kerr.mp@parliament.uk
Danny Kinahan MP,danny.kinahan.mp@parliament.uk
Stephen Kinnock MP,stephen.kinnock.mp@parliament.uk
Simon Kirby MP,simon.kirby.mp@parliament.uk
Rt Hon Sir Greg Knight MP,sothcottt@parliament.uk
Julian Knight MP,julian.knight.mp@parliament.uk
Kwasi Kwarteng MP,kwasi.kwarteng.mp@parliament.uk
Peter Kyle MP,peter.kyle.mp@parliament.uk
Mrs Eleanor Laing MP,eleanor.laing.mp@parliament.uk
Rt Hon Norman Lamb MP,norman.lamb.mp@parliament.uk
Rt Hon David Lammy MP,lammyd@parliament.uk
Mark Lancaster MP,officeofmarklancaster@parliament.uk
Pauline Latham MP,pauline.latham.mp@parliament.uk
Ian Lavery MP,ian.lavery.mp@parliament.uk
Chris Law MP,chris.law.mp@parliament.uk
Andrea Leadsom MP,andrea.leadsom.mp@parliament.uk
Dr Phillip Lee MP,phillip.lee.mp@parliament.uk
Jeremy Lefroy MP,jeremy.lefroy.mp@parliament.uk
Sir Edward Leigh MP,edward.leigh.mp@parliament.uk
Charlotte Leslie MP,charlotte.leslie.mp@parliament.uk
Chris Leslie MP,chris.leslie@parliament.uk
Rt Hon Oliver Letwin MP,letwino@parliament.uk
Mrs Emma Lewell-Buck MP,emma.lewell-buck.mp@parliament.uk
Brandon Lewis MP,helen.hill@parliament.uk
Clive Lewis MP,clive.lewis.mp@parliament.uk
Mr Ivan Lewis MP,lewisi@parliament.uk
Rt Hon Dr Julian Lewis MP,none
Mr Ian Liddell-Grainger MP,ianlg@parliament.uk
Rt Hon David Lidington MP,david.lidington.mp@parliament.uk
Rt Hon Peter Lilley MP,lilleyp@parliament.uk
Rebecca Long Bailey MP,rebecca.longbailey.mp@parliament.uk
Jack Lopresti MP,jack.lopresti.mp@parliament.uk
Mr Jonathan Lord MP,jonathan.lord.mp@parliament.uk
Tim Loughton MP,loughtont@parliament.uk
Caroline Lucas MP,caroline.lucas.mp@parliament.uk
Ian C. Lucas MP,lucasi@parliament.uk
Karen Lumley MP,karen.lumley.mp@parliament.uk
Holly Lynch MP,holly.lynch.mp@parliament.uk
John Mc Nally MP,john.mcnally.mp@parliament.uk
Steve McCabe MP,mccabes@parliament.uk
Callum McCaig MP,callum.mccaig.mp@parliament.uk
Kerry McCarthy MP,kerry.mccarthy.mp@parliament.uk
Jason McCartney MP,jason.mccartney.mp@parliament.uk
Karl McCartney MP,karl.mccartney.mp@parliament.uk
Siobhain McDonagh MP,mcdonaghs@parliament.uk
Andy McDonald MP,info@andymcdonaldmp.org
Stewart Malcolm McDonald MP,stewart.mcdonald.mp@parliament.uk
Stuart C. McDonald MP,stuart.mcdonald.mp@parliament.uk
Dr Alasdair McDonnell MP,alasdair.mcdonnell.mp@parliament.uk
John McDonnell MP,mcdonnellj@parliament.uk
Rt Hon Pat McFadden MP,mcfaddenp@parliament.uk
Natalie McGarry MP,natalie.mcgarry.mp@parliament.uk
Conor McGinn MP,conor.mcginn.mp@parliament.uk
Alison McGovern MP,alison.mcgovern.mp@parliament.uk
Liz McInnes MP,none
Craig Mackinlay MP,craig.mackinlay.mp@parliament.uk
Catherine McKinnell MP,catherine.mckinnell.mp@parliament.uk
David Mackintosh MP,david.mackintosh.mp@parliament.uk
Anne McLaughlin MP,anne.mclaughlin.mp@parliament.uk
Rt Hon Patrick McLoughlin MP,patrick.mcloughlin.mp@parliament.uk
Jim McMahon MP,jim.mcmahon.mp@parliament.uk
Angus Brendan MacNeil MP,macneila@parliament.uk
Stephen McPartland MP,stephen.mcpartland.mp@parliament.uk
Rt Hon Fiona Mactaggart MP,mactaggartf@parliament.uk
Justin Madders MP,justin.madders.mp@parliament.uk
Mr Khalid Mahmood MP,mahmoodk@parliament.uk
Shabana Mahmood MP,shabana.mahmood.mp@parliament.uk
Mrs Anne Main MP,maina@parliament.uk
Mr Alan Mak MP,alan.mak.mp@parliament.uk
Seema Malhotra MP,seema.malhotra.mp@parliament.uk
Kit Malthouse MP,kit.malthouse.mp@parliament.uk
John Mann MP,john.mann.mp@parliament.uk
Scott Mann MP,scott.mann.mp@parliament.uk
Rob Marris MP,rob.marris.mp@parliament.uk
Gordon Marsden MP,gordonmarsdenmp@parliament.uk
Rachael Maskell MP,rachael.maskell.mp@parliament.uk
Paul Maskey MP,mailto:paul.maskey.mp@parliament.uk
Christian Matheson MP,chris.matheson.mp@parliament.uk
Dr Tania Mathias MP,drtania.mathias.mp@parliament.uk
Rt Hon Theresa May MP,mayt@parliament.uk
Paul Maynard MP,paul.maynard.mp@parliament.uk
Sir Alan Meale MP,mealea@parliament.uk
Ian Mearns MP,ian.mearns.mp@parliament.uk
Mark Menzies MP,mark.menzies.mp@parliament.uk
Johnny Mercer MP,johnny.mercer.mp@parliament.uk
Huw Merriman MP,huw.merriman.mp@parliament.uk
Stephen Metcalfe MP,stephen.metcalfe.mp@parliament.uk
Rt Hon Edward Miliband MP,ed.miliband.mp@parliament.uk
Rt Hon Maria Miller MP,maria.miller.mp@parliament.uk
Amanda Milling MP,amanda.milling.mp@parliament.uk
Nigel Mills MP,nigel.mills.mp@parliament.uk
Rt Hon Anne Milton MP,anne.milton.mp@parliament.uk
Rt Hon Andrew Mitchell MP,andrew.mitchell.mp@parliament.uk
Francie Molloy MP,none
Carol Monaghan MP,carol.monaghan.mp@parliament.uk
Dr Paul Monaghan MP,paul.monaghan.mp@parliament.uk
Mrs Madeleine Moon MP,moonm@parliament.uk
Penny Mordaunt MP,penny.mordaunt.mp@parliament.uk
Jessica Morden MP,mordenj@parliament.uk
Rt Hon Nicky Morgan MP,nicky.morgan.mp@parliament.uk
Anne Marie Morris MP,annemarie.morris.mp@parliament.uk
David Morris MP,david.morris.mp@parliament.uk
Grahame Morris MP,grahame.morris.mp@parliament.uk
James Morris MP,james.morris.mp@parliament.uk
Wendy Morton MP,wendy.morton.mp@parliament.uk
David Mowat MP,david.mowat.mp@parliament.uk
Greg Mulholland MP,greg.mulholland.mp@parliament.uk
Roger Mullin MP,roger.mullin.mp@parliament.uk
Rt Hon David Mundell MP,david.mundell.mp@parliament.uk
Ian Murray MP,ian.murray.mp@parliament.uk
Mrs Sheryll Murray MP,sheryll.murray.mp@parliament.uk
Dr Andrew Murrison MP,murrisona@parliament.uk
Lisa Nandy MP,lisa.nandy.mp@parliament.uk
Robert Neill MP,bob.neill.mp@parliament.uk
Gavin Newlands MP,gavin.newlands.mp@parliament.uk
Sarah Newton MP,sarah.newton.mp@parliament.uk
John Nicolson MP,john.nicolson.mp@parliament.uk
Caroline Nokes MP,caroline.nokes.mp@parliament.uk
Jesse Norman MP,jesse.norman.mp@parliament.uk
Mr David Nuttall MP,david.nuttall.mp@parliament.uk
Dr Matthew Offord MP,matthew.offord.mp@parliament.uk
Brendan O'Hara MP,brendan.ohara.mp@parliament.uk
Melanie Onn MP,melanie.onn.mp@parliament.uk
Chi Onwurah MP,chi.onwurah.mp@parliament.uk
Guy Opperman MP,guy.opperman.mp@parliament.uk
Kate Osamor MP,kate.osamor.mp@parliament.uk
Rt Hon George Osborne MP,george.osborne.mp@parliament.uk
Kirsten Oswald MP,kirsten.oswald.mp@parliament.uk
Albert Owen MP,albert.owen.mp@parliament.uk
Ian Paisley MP,ian.paisley.mp@parliament.uk
Neil Parish MP,neil.parish.mp@parliament.uk
Rt Hon Priti Patel MP,priti.patel.mp@parliament.uk
Rt Hon Owen Paterson MP,Patersono@parliament.uk
Steven Paterson MP,steven.paterson.mp@parliament.uk
Mark Pawsey MP,mark.pawsey.mp@parliament.uk
Teresa Pearce MP,teresa.pearce.mp@parliament.uk
Rt Hon Mike Penning MP,penningm@parliament.uk
Matthew Pennycook MP,matthew.pennycook.mp@parliament.uk
John Penrose MP,beauperec@parliament.uk
Andrew Percy MP,andrew.percy.mp@parliament.uk
Toby Perkins MP,toby.perkins.mp@parliament.uk
Claire Perry MP,claire.perry.mp@parliament.uk
Jess Phillips MP,jess.phillips.mp@parliament.uk
Stephen Phillips QC MP,stephen.phillips.mp@parliament.uk
Bridget Phillipson MP,bridget.phillipson.mp@parliament.uk
Chris Philp MP,chris.philp.mp@parliament.uk
Rt Hon Sir Eric Pickles MP,picklese@parliament.uk
Christopher Pincher MP,christopher.pincher.mp@parliament.uk
Dr Poulter MP,daniel.poulter.mp@parliament.uk
Stephen Pound MP,stevepoundmp@parliament.uk
Rebecca Pow MP,rebecca.pow.mp@parliament.uk
Lucy Powell MP,contact@lucypowell.org.uk
Victoria Prentis MP,victoria.prentis.mp@parliament.uk
Mr Mark Prisk MP,natalie.bithell@parliament.uk
Mark Pritchard MP,pritchardm@parliament.uk
John Pugh MP,pughj@parliament.uk
Tom Pursglove MP,tom.pursglove.mp@parliament.uk
Jeremy Quin MP,jeremy.quin.mp@parliament.uk
Will Quince MP,will.quince.mp@parliament.uk
Yasmin Qureshi MP,yasmin.qureshi.mp@parliament.uk
Dominic Raab MP,dominic.raab.mp@parliament.uk
Angela Rayner MP,angela.rayner.mp@parliament.uk
Rt Hon John Redwood MP,john.redwood.mp@parliament.uk
Mr Jamie Reed MP,reedjr@parliament.uk
Mr Steve Reed MP,steve.reed.mp@parliament.uk
Christina Rees MP,christina.rees.mp@parliament.uk
Mr Jacob Rees-Mogg MP,jacob.reesmogg.mp@parliament.uk
Rachel Reeves MP,rachel.reeves.mp@parliament.uk
Emma Reynolds MP,emma.reynolds.mp@parliament.uk
Jonathan Reynolds MP,jonathan.reynolds.mp@parliament.uk
Marie Rimmer MP,marie.rimmer.mp@parliament.uk
Ms Margaret Ritchie MP,margaret.ritchie.mp@parliament.uk
Rt Hon Angus Robertson MP,robertsona@parliament.uk
Mr Laurence Robertson MP,robertsonl@parliament.uk
Gavin Robinson MP,gavin.robinson.mp@parliament.uk
Mr Geoffrey Robinson MP,robinsong@parliament.uk
Mary Robinson MP,mary.robinson.mp@parliament.uk
Andrew Rosindell MP,andrew.rosindell.mp@parliament.uk
Steve Rotheram MP,steve.rotheram.mp@parliament.uk
Rt Hon Amber Rudd MP,amber.rudd.mp@parliament.uk
David Rutley MP,david.rutley.mp@parliament.uk
Rt Hon Joan Ryan MP,joan.ryan.mp@parliament.uk
Rt Hon Alex Salmond MP,alex.salmond.mp@parliament.uk
Antoinette Sandbach MP,antoinette.sandbach.mp@parliament.uk
Liz Saville Roberts MP,liz.savilleroberts.mp@parliament.uk
Paul Scully MP,paul.scully.mp@parliament.uk
Andrew Selous MP,andrew.selous.mp@parliament.uk
Naz Shah MP,naz.shah.mp@parliament.uk
Jim Shannon MP,jim.shannon.mp@parliament.uk
Rt Hon Grant Shapps MP,shappsg@parliament.uk
Alok Sharma MP,alok.sharma.mp@parliament.uk
Mr Virendra Sharma MP,sharmav@parliament.uk
Mr Barry Sheerman MP,sheermanb@parliament.uk
Alec Shelbrooke MP,alec.shelbrooke.mp@parliament.uk
Tommy Sheppard MP,tommy.sheppard.mp@parliament.uk
Paula Sherriff MP,paula.sherriff.mp@parliament.uk
Mr Gavin Shuker MP,gavin.shuker.mp@parliament.uk
Tulip Siddiq MP,tulip.siddiq.mp@parliament.uk
David Simpson MP,simpsond@parliament.uk
Rt Hon Keith Simpson MP,keith.simpson.mp@parliament.uk
Chris Skidmore MP,chris.skidmore.mp@parliament.uk
Mr Dennis Skinner MP,skinnerd@parliament.uk
Andy Slaughter MP,slaughtera@parliament.uk
Ruth Smeeth MP,ruth.smeeth.mp@parliament.uk
Rt Hon Andrew Smith MP,smithad@parliament.uk
Angela Smith MP,officeofangelasmithmp@parliament.uk
Cat Smith MP,cat.smith.mp@parliament.uk
Chloe Smith MP,chloe.smith.mp@parliament.uk
Henry Smith MP,henry.smith.mp@parliament.uk
Jeff Smith MP,jeff.smith.mp@parliament.uk
Julian Smith MP,julian.smith.mp@parliament.uk
Nick Smith MP,nick.smith.mp@parliament.uk
Owen Smith MP,owen.smith.mp@parliament.uk
Royston Smith MP,royston.smith.mp@parliament.uk
Karin Smyth MP,karin.smyth.mp@parliament.uk
Rt Hon Sir Nicholas Soames MP,nicholas.soames.mp@parliament.uk
Amanda Solloway MP,amanda.solloway.mp@parliament.uk
Rt Hon Anna Soubry MP,anna.soubry.mp@parliament.uk
Rt Hon John Spellar MP,john.spellar.mp@parliament.uk
Rt Hon Caroline Spelman MP,none
Mark Spencer MP,mark.spencer.mp@parliament.uk
Keir Starmer MP,keir.starmer.mp@parliament.uk
Chris Stephens MP,chris.stephens.mp@parliament.uk
Andrew Stephenson MP,andrew.stephenson.mp@parliament.uk
Jo Stevens MP,jo.stevens.mp@parliament.uk
John Stevenson MP,john.stevenson.mp@parliament.uk
Bob Stewart MP,bob.stewart.mp@parliament.uk
Iain Stewart MP,iain.stewart.mp@parliament.uk
Rory Stewart MP,rory.stewart.mp@parliament.uk
Mr Gary Streeter MP,deans@parliament.uk
Wes Streeting MP,wes.streeting.mp@parliament.uk
Mel Stride MP,mel.stride.mp@parliament.uk
Graham Stringer MP,graham.stringer.mp@parliament.uk
Rt Hon Gisela Stuart MP,stuartg@parliament.uk
Graham Stuart MP,graham.stuart.mp@parliament.uk
Julian Sturdy MP,julian.sturdy.mp@parliament.uk
Rishi Sunak MP,rishi.sunak.mp@parliament.uk
Rt Hon Sir Desmond Swayne MP,swayned@parliament.uk
Rt Hon Hugo Swire MP,hugo.swire.mp@parliament.uk
Mr Robert Syms MP,symsmp.office@parliament.uk
Mark Tami MP,tamim@parliament.uk
Alison Thewliss MP,alison.thewliss.mp@parliament.uk
Derek Thomas MP,derek.thomas.mp@parliament.uk
Gareth Thomas MP,thomasgr@parliament.uk
Nick Thomas-Symonds MP,nick.thomassymonds.mp@parliament.uk
Owen Thompson MP,owen.thompson.mp@parliament.uk
Michelle Thomson MP,michelle.thomson.mp@parliament.uk
Emily Thornberry MP,thornberrye@parliament.uk
Maggie Throup MP,maggie.throup.mp@parliament.uk
Rt Hon Stephen Timms MP,timmss@parliament.uk
Edward Timpson MP,timpsone@parliament.uk
Kelly Tolhurst MP,kelly.tolhurst.mp@parliament.uk
Justin Tomlinson MP,justin.tomlinson.mp@parliament.uk
Michael Tomlinson MP,michael.tomlinson.mp@parliament.uk
Craig Tracey MP,craig.tracey.mp@parliament.uk
David Tredinnick MP,tredinnickd@parliament.uk
Mrs Anne-Marie Trevelyan MP,annemarie.trevelyan.mp@parliament.uk
Jon Trickett MP,trickettj@parliament.uk
Rt Hon Elizabeth Truss MP,none
Tom Tugendhat MP,tom.tugendhat.mp@parliament.uk
Anna Turley MP,anna.turley.mp@parliament.uk
Mr Andrew Turner MP,none
Karl Turner MP,karl.turner.mp@parliament.uk
Derek Twigg MP,derek.twigg.mp@parliament.uk
Stephen Twigg MP,stephen.twigg.mp@parliament.uk
Rt Hon Andrew Tyrie MP,andrew.tyrie.mp@parliament.uk
Mr Chuka Umunna MP,chuka.umunna.mp@parliament.uk
Mr Edward Vaizey MP,vaizeye@parliament.uk
Mr Shailesh Vara MP,shailesh.vara.mp@parliament.uk
Rt Hon Keith Vaz MP,vazk@parliament.uk
Valerie Vaz MP,valerie.vaz.mp@parliament.uk
Martin Vickers MP,martin.vickers.mp@parliament.uk
Rt Hon Theresa Villiers MP,none
Mr Charles Walker MP,charles.walker.mp@parliament.uk
Mr Robin Walker MP,robin.walker.mp@parliament.uk
Mr Ben Wallace MP,wallaceb@parliament.uk
David Warburton MP,david.warburton.mp@parliament.uk
Matt Warman MP,matt.warman.mp@parliament.uk
Dame Angela Watkinson MP,angela.watkinson.mp@parliament.uk
Tom Watson MP,tom.watson.mp@parliament.uk
Mike Weir MP,weirm@parliament.uk
Catherine West MP,catherine.west.mp@parliament.uk
James Wharton MP,james.wharton.mp@parliament.uk
Helen Whately MP,helen.whately.mp@parliament.uk
Heather Wheeler MP,heather.wheeler.mp@parliament.uk
Chris White MP,chris.white.mp@parliament.uk
Dr Eilidh Whiteford MP,eilidh.whiteford.mp@parliament.uk
Dr Alan Whitehead MP,whiteheada@parliament.uk
Dr Philippa Whitford MP,philippa.whitford.mp@parliament.uk
Craig Whittaker MP,craig.whittaker.mp@parliament.uk
Rt Hon John Whittingdale MP,john.whittingdale.mp@parliament.uk
Bill Wiggin MP,bill.wiggin.mp@parliament.uk
Craig Williams MP,craig.williams.mp@parliament.uk
Hywel Williams MP,hywel.williams.mp@parliament.uk
Mr Mark Williams MP,williamsmf@parliament.uk
Rt Hon Gavin Williamson MP,gavin.williamson.mp@parliament.uk
Corri Wilson MP,corri.wilson.mp@parliament.uk
Phil Wilson MP,phil.wilson.mp@parliament.uk
Mr Rob Wilson MP,robwilsonmp@parliament.uk
Sammy Wilson MP,barronj@parliament.uk
Mr David Winnick MP,winnickd@parliament.uk
Rt Hon Dame Rosie Winterton MP,rosie.winterton.mp@parliament.uk
Pete Wishart MP,wishartp@parliament.uk
Dr Sarah Wollaston MP,sarah.wollaston.mp@parliament.uk
Mike Wood MP,mikej.wood.mp@parliament.uk
John Woodcock MP,john.woodcock.mp@parliament.uk
William Wragg MP,none
Mr Iain Wright MP,wrighti@parliament.uk
Rt Hon Jeremy Wright QC MP,jeremy@jeremywright.org.uk
Nadhim Zahawi MP,nadhim.zahawi.mp@parliament.uk
Daniel Zeichner MP,daniel@danielzeichner.co.uk
